parameter,value,seed,spearman_vs_baseline,jaccard_top5_vs_baseline,jaccard_top10_vs_baseline,elapsed_s
n_estimators,100,0,0.92606,0.574468,0.615385,0.065
n_estimators,100,1,0.921889,0.525773,0.606557,0.058
n_estimators,100,2,0.920996,0.608696,0.589189,0.065
n_estimators,100,3,0.928185,0.626374,0.615385,0.064
n_estimators,100,4,0.922383,0.541667,0.589189,0.062
n_estimators,100,5,0.917519,0.525773,0.615385,0.066
n_estimators,100,6,0.927726,0.557895,0.589189,0.063
n_estimators,100,7,0.90605,0.525773,0.606557,0.067
n_estimators,100,8,0.935986,0.591398,0.651685,0.06
n_estimators,100,9,0.917837,0.626374,0.606557,0.062
n_estimators,200,0,0.942125,0.541667,0.689655,0.116
n_estimators,200,1,0.944403,0.608696,0.699422,0.11
n_estimators,200,2,0.952005,0.701149,0.689655,0.113
n_estimators,200,3,0.947976,0.681818,0.689655,0.118
n_estimators,200,4,0.943188,0.626374,0.670455,0.117
n_estimators,200,5,0.946262,0.574468,0.699422,0.121
n_estimators,200,6,0.945696,0.662921,0.651685,0.117
n_estimators,200,7,0.945623,0.608696,0.699422,0.115
n_estimators,200,8,0.951799,0.644444,0.689655,0.114
n_estimators,200,9,0.943001,0.626374,0.68,0.12
n_estimators,300,0,0.94917,0.541667,0.719298,0.171
n_estimators,300,1,0.956205,0.591398,0.75,0.173
n_estimators,300,2,0.959247,0.701149,0.719298,0.174
n_estimators,300,3,0.955836,0.644444,0.729412,0.164
n_estimators,300,4,0.95686,0.681818,0.689655,0.171
n_estimators,300,5,0.959647,0.626374,0.739645,0.167
n_estimators,300,6,0.955901,0.626374,0.670455,0.179
n_estimators,300,7,0.954967,0.626374,0.729412,0.173
n_estimators,300,8,0.95294,0.681818,0.699422,0.172
n_estimators,300,9,0.951329,0.662921,0.719298,0.19
n_estimators,500,0,0.956963,0.557895,0.729412,0.292
n_estimators,500,1,0.965458,0.608696,0.75,0.284
n_estimators,500,2,0.967913,0.681818,0.760479,0.283
n_estimators,500,3,0.958116,0.681818,0.75,0.276
n_estimators,500,4,0.959109,0.72093,0.760479,0.294
n_estimators,500,5,0.966517,0.644444,0.771084,0.275
n_estimators,500,6,0.960739,0.626374,0.739645,0.295
n_estimators,500,7,0.962397,0.662921,0.75,0.275
n_estimators,500,8,0.961809,0.681818,0.760479,0.277
n_estimators,500,9,0.961754,0.574468,0.771084,0.305
max_samples,128,0,0.941478,0.525773,0.661017,0.115
max_samples,128,1,0.942879,0.591398,0.670455,0.116
max_samples,128,2,0.949594,0.662921,0.719298,0.118
max_samples,128,3,0.954715,0.557895,0.651685,0.114
max_samples,128,4,0.944323,0.574468,0.642458,0.112
max_samples,128,5,0.939477,0.557895,0.642458,0.113
max_samples,128,6,0.927305,0.557895,0.597826,0.112
max_samples,128,7,0.936213,0.541667,0.670455,0.124
max_samples,128,8,0.948315,0.608696,0.670455,0.118
max_samples,128,9,0.943819,0.591398,0.729412,0.118
max_samples,256,0,0.942125,0.541667,0.689655,0.128
max_samples,256,1,0.944403,0.608696,0.699422,0.116
max_samples,256,2,0.952005,0.701149,0.689655,0.126
max_samples,256,3,0.947976,0.681818,0.689655,0.146
max_samples,256,4,0.943188,0.626374,0.670455,0.116
max_samples,256,5,0.946262,0.574468,0.699422,0.129
max_samples,256,6,0.945696,0.662921,0.651685,0.115
max_samples,256,7,0.945623,0.608696,0.699422,0.118
max_samples,256,8,0.951799,0.644444,0.689655,0.14
max_samples,256,9,0.943001,0.626374,0.68,0.125
max_samples,512,0,0.935498,0.557895,0.739645,0.153
max_samples,512,1,0.94302,0.525773,0.68,0.119
max_samples,512,2,0.954827,0.662921,0.699422,0.127
max_samples,512,3,0.946104,0.626374,0.68,0.126
max_samples,512,4,0.941786,0.608696,0.709302,0.142
max_samples,512,5,0.947228,0.557895,0.689655,0.123
max_samples,512,6,0.946184,0.608696,0.651685,0.124
max_samples,512,7,0.944451,0.591398,0.729412,0.116
max_samples,512,8,0.954253,0.662921,0.739645,0.124
max_samples,512,9,0.951925,0.681818,0.729412,0.129
max_samples,auto,0,0.942125,0.541667,0.689655,0.115
max_samples,auto,1,0.944403,0.608696,0.699422,0.122
max_samples,auto,2,0.952005,0.701149,0.689655,0.117
max_samples,auto,3,0.947976,0.681818,0.689655,0.117
max_samples,auto,4,0.943188,0.626374,0.670455,0.116
max_samples,auto,5,0.946262,0.574468,0.699422,0.118
max_samples,auto,6,0.945696,0.662921,0.651685,0.12
max_samples,auto,7,0.945623,0.608696,0.699422,0.116
max_samples,auto,8,0.951799,0.644444,0.689655,0.122
max_samples,auto,9,0.943001,0.626374,0.68,0.111
max_features,0.5,0,0.948177,0.574468,0.709302,0.127
max_features,0.5,1,0.949273,0.525773,0.689655,0.128
max_features,0.5,2,0.938264,0.626374,0.651685,0.136
max_features,0.5,3,0.939229,0.574468,0.729412,0.119
max_features,0.5,4,0.949309,0.557895,0.729412,0.125
max_features,0.5,5,0.944363,0.608696,0.709302,0.137
max_features,0.5,6,0.935627,0.626374,0.760479,0.132
max_features,0.5,7,0.949305,0.644444,0.615385,0.131
max_features,0.5,8,0.950477,0.644444,0.689655,0.133
max_features,0.5,9,0.942212,0.557895,0.670455,0.122
max_features,0.75,0,0.944953,0.574468,0.719298,0.13
max_features,0.75,1,0.95569,0.591398,0.729412,0.133
max_features,0.75,2,0.942385,0.591398,0.719298,0.135
max_features,0.75,3,0.952463,0.626374,0.661017,0.127
max_features,0.75,4,0.949186,0.557895,0.68,0.13
max_features,0.75,5,0.955363,0.626374,0.689655,0.128
max_features,0.75,6,0.944709,0.608696,0.699422,0.127
max_features,0.75,7,0.947418,0.541667,0.689655,0.131
max_features,0.75,8,0.943899,0.591398,0.699422,0.129
max_features,0.75,9,0.95285,0.574468,0.719298,0.13
max_features,1.0,0,0.942125,0.541667,0.689655,0.123
max_features,1.0,1,0.944403,0.608696,0.699422,0.112
max_features,1.0,2,0.952005,0.701149,0.689655,0.124
max_features,1.0,3,0.947976,0.681818,0.689655,0.115
max_features,1.0,4,0.943188,0.626374,0.670455,0.118
max_features,1.0,5,0.946262,0.574468,0.699422,0.114
max_features,1.0,6,0.945696,0.662921,0.651685,0.169
max_features,1.0,7,0.945623,0.608696,0.699422,0.122
max_features,1.0,8,0.951799,0.644444,0.689655,0.127
max_features,1.0,9,0.943001,0.626374,0.68,0.114
