seed_a,seed_b,spearman,jaccard_top5,jaccard_top10
0,1,0.950036,0.626374,0.68
0,2,0.939071,0.48,0.661017
0,3,0.946723,0.557895,0.709302
0,4,0.936282,0.557895,0.633333
0,5,0.942344,0.608696,0.689655
0,6,0.934482,0.662921,0.661017
0,7,0.952394,0.644444,0.719298
0,8,0.947544,0.574468,0.642458
0,9,0.932571,0.591398,0.624309
0,10,0.936917,0.541667,0.642458
0,11,0.944318,0.626374,0.633333
0,12,0.94657,0.541667,0.689655
0,13,0.94033,0.494949,0.651685
0,14,0.951117,0.574468,0.689655
0,15,0.927647,0.557895,0.597826
0,16,0.943591,0.525773,0.642458
0,17,0.943938,0.608696,0.670455
0,18,0.947833,0.608696,0.651685
0,19,0.939821,0.608696,0.651685
0,20,0.928354,0.494949,0.661017
0,21,0.946144,0.681818,0.709302
0,22,0.926903,0.591398,0.606557
0,23,0.940158,0.525773,0.624309
0,24,0.944956,0.591398,0.689655
0,25,0.939544,0.494949,0.661017
0,26,0.944959,0.48,0.633333
0,27,0.939862,0.557895,0.651685
0,28,0.94149,0.541667,0.661017
0,29,0.94586,0.608696,0.642458
1,2,0.943123,0.574468,0.661017
1,3,0.947516,0.608696,0.699422
1,4,0.948639,0.608696,0.68
1,5,0.946893,0.557895,0.689655
1,6,0.937649,0.608696,0.624309
1,7,0.95244,0.701149,0.709302
1,8,0.947872,0.608696,0.661017
1,9,0.94313,0.557895,0.633333
1,10,0.948714,0.626374,0.709302
1,11,0.937726,0.662921,0.661017
1,12,0.934191,0.574468,0.68
1,13,0.936266,0.541667,0.615385
1,14,0.947215,0.608696,0.68
1,15,0.929996,0.591398,0.606557
1,16,0.948211,0.644444,0.642458
1,17,0.950544,0.591398,0.689655
1,18,0.944244,0.626374,0.670455
1,19,0.945495,0.591398,0.689655
1,20,0.939663,0.574468,0.670455
1,21,0.950893,0.662921,0.670455
1,22,0.935311,0.591398,0.633333
1,23,0.938121,0.541667,0.589189
1,24,0.946821,0.574468,0.670455
1,25,0.947184,0.608696,0.661017
1,26,0.946899,0.591398,0.651685
1,27,0.944136,0.608696,0.615385
1,28,0.939692,0.626374,0.68
1,29,0.944013,0.644444,0.642458
2,3,0.950379,0.681818,0.661017
2,4,0.947162,0.541667,0.606557
2,5,0.946364,0.541667,0.699422
2,6,0.945188,0.557895,0.615385
2,7,0.942334,0.525773,0.642458
2,8,0.956374,0.644444,0.661017
2,9,0.946415,0.608696,0.661017
2,10,0.951245,0.591398,0.689655
2,11,0.940092,0.608696,0.624309
2,12,0.952255,0.608696,0.670455
2,13,0.954798,0.541667,0.661017
2,14,0.949596,0.541667,0.661017
2,15,0.94227,0.626374,0.633333
2,16,0.952799,0.644444,0.670455
2,17,0.949748,0.557895,0.670455
2,18,0.95107,0.626374,0.661017
2,19,0.937215,0.48,0.642458
2,20,0.948256,0.608696,0.699422
2,21,0.948723,0.510204,0.670455
2,22,0.948041,0.608696,0.670455
2,23,0.957676,0.662921,0.670455
2,24,0.950184,0.626374,0.709302
2,25,0.953828,0.574468,0.642458
2,26,0.952158,0.681818,0.68
2,27,0.952596,0.574468,0.633333
2,28,0.944977,0.574468,0.651685
2,29,0.946208,0.608696,0.615385
3,4,0.954211,0.608696,0.670455
3,5,0.953113,0.608696,0.719298
3,6,0.947009,0.662921,0.661017
3,7,0.95257,0.591398,0.709302
3,8,0.956638,0.662921,0.670455
3,9,0.951834,0.662921,0.661017
3,10,0.959566,0.662921,0.670455
3,11,0.942054,0.626374,0.661017
3,12,0.946258,0.701149,0.719298
3,13,0.952342,0.608696,0.719298
3,14,0.954237,0.681818,0.719298
3,15,0.950535,0.741176,0.68
3,16,0.954366,0.662921,0.633333
3,17,0.955009,0.626374,0.670455
3,18,0.955354,0.626374,0.651685
3,19,0.94458,0.525773,0.633333
3,20,0.953337,0.591398,0.719298
3,21,0.947999,0.608696,0.689655
3,22,0.946201,0.72093,0.68
3,23,0.955554,0.701149,0.699422
3,24,0.94923,0.662921,0.729412
3,25,0.947103,0.701149,0.689655
3,26,0.958645,0.644444,0.699422
3,27,0.945381,0.662921,0.699422
3,28,0.950021,0.662921,0.661017
3,29,0.94076,0.591398,0.670455
4,5,0.944722,0.557895,0.633333
4,6,0.949984,0.681818,0.633333
4,7,0.951166,0.644444,0.642458
4,8,0.94826,0.591398,0.624309
4,9,0.952934,0.591398,0.606557
4,10,0.956255,0.626374,0.651685
4,11,0.939632,0.626374,0.624309
4,12,0.931214,0.525773,0.624309
4,13,0.942319,0.525773,0.624309
4,14,0.94708,0.510204,0.633333
4,15,0.93339,0.557895,0.606557
4,16,0.953042,0.626374,0.615385
4,17,0.95316,0.541667,0.651685
4,18,0.949413,0.574468,0.624309
4,19,0.939499,0.525773,0.633333
4,20,0.947105,0.541667,0.633333
4,21,0.952846,0.574468,0.606557
4,22,0.941422,0.557895,0.56383
4,23,0.945564,0.494949,0.56383
4,24,0.943083,0.510204,0.661017
4,25,0.943839,0.541667,0.633333
4,26,0.948421,0.591398,0.624309
4,27,0.950659,0.525773,0.651685
4,28,0.946981,0.541667,0.624309
4,29,0.938185,0.574468,0.589189
5,6,0.935683,0.591398,0.615385
5,7,0.948081,0.574468,0.699422
5,8,0.947511,0.644444,0.68
5,9,0.941754,0.591398,0.661017
5,10,0.943677,0.591398,0.689655
5,11,0.931674,0.574468,0.633333
5,12,0.943345,0.591398,0.709302
5,13,0.940444,0.510204,0.670455
5,14,0.94639,0.591398,0.760479
5,15,0.937475,0.608696,0.68
5,16,0.940181,0.626374,0.633333
5,17,0.950325,0.608696,0.699422
5,18,0.939432,0.574468,0.670455
5,19,0.936835,0.557895,0.633333
5,20,0.945068,0.574468,0.709302
5,21,0.944016,0.608696,0.709302
5,22,0.941509,0.608696,0.68
5,23,0.947748,0.608696,0.729412
5,24,0.951158,0.591398,0.709302
5,25,0.950972,0.574468,0.709302
5,26,0.949306,0.574468,0.689655
5,27,0.944373,0.608696,0.689655
5,28,0.940257,0.644444,0.689655
5,29,0.941532,0.591398,0.642458
6,7,0.942152,0.626374,0.642458
6,8,0.947508,0.644444,0.699422
6,9,0.946699,0.681818,0.642458
6,10,0.946262,0.681818,0.68
6,11,0.92998,0.644444,0.68
6,12,0.93249,0.626374,0.642458
6,13,0.952003,0.591398,0.670455
6,14,0.944295,0.574468,0.615385
6,15,0.933022,0.644444,0.580645
6,16,0.95823,0.626374,0.699422
6,17,0.956693,0.591398,0.68
6,18,0.945647,0.626374,0.642458
6,19,0.941587,0.591398,0.597826
6,20,0.948317,0.557895,0.670455
6,21,0.947048,0.626374,0.670455
6,22,0.945767,0.644444,0.597826
6,23,0.944679,0.525773,0.572193
6,24,0.942975,0.608696,0.709302
6,25,0.9443,0.591398,0.670455
6,26,0.947045,0.608696,0.642458
6,27,0.940201,0.644444,0.597826
6,28,0.950169,0.591398,0.670455
6,29,0.938295,0.608696,0.615385
7,8,0.949522,0.557895,0.68
7,9,0.941379,0.662921,0.624309
7,10,0.9522,0.626374,0.689655
7,11,0.944603,0.701149,0.670455
7,12,0.941294,0.591398,0.68
7,13,0.943639,0.525773,0.661017
7,14,0.946207,0.591398,0.68
7,15,0.928767,0.591398,0.624309
7,16,0.952882,0.626374,0.68
7,17,0.946225,0.591398,0.651685
7,18,0.949716,0.608696,0.670455
7,19,0.940081,0.574468,0.689655
7,20,0.93707,0.541667,0.699422
7,21,0.950004,0.701149,0.689655
7,22,0.936234,0.574468,0.624309
7,23,0.939484,0.557895,0.624309
7,24,0.945497,0.574468,0.661017
7,25,0.947229,0.591398,0.689655
7,26,0.953587,0.626374,0.68
7,27,0.945177,0.608696,0.661017
7,28,0.941853,0.626374,0.670455
7,29,0.949389,0.681818,0.651685
8,9,0.950736,0.662921,0.670455
8,10,0.955578,0.591398,0.739645
8,11,0.935898,0.574468,0.661017
8,12,0.943515,0.626374,0.651685
8,13,0.952121,0.541667,0.689655
8,14,0.957936,0.574468,0.661017
8,15,0.945253,0.644444,0.597826
8,16,0.955433,0.644444,0.689655
8,17,0.950998,0.574468,0.670455
8,18,0.950671,0.626374,0.699422
8,19,0.943699,0.541667,0.68
8,20,0.947392,0.557895,0.709302
8,21,0.953211,0.574468,0.689655
8,22,0.940676,0.644444,0.606557
8,23,0.952721,0.626374,0.642458
8,24,0.953353,0.626374,0.75
8,25,0.94872,0.608696,0.68
8,26,0.955515,0.608696,0.670455
8,27,0.942761,0.608696,0.624309
8,28,0.954789,0.626374,0.689655
8,29,0.947417,0.626374,0.68
9,10,0.945111,0.591398,0.661017
9,11,0.926176,0.626374,0.589189
9,12,0.939074,0.701149,0.624309
9,13,0.945708,0.591398,0.68
9,14,0.948757,0.626374,0.661017
9,15,0.941013,0.662921,0.651685
9,16,0.950549,0.574468,0.661017
9,17,0.949942,0.574468,0.642458
9,18,0.941475,0.574468,0.624309
9,19,0.934107,0.557895,0.633333
9,20,0.940044,0.557895,0.699422
9,21,0.947323,0.608696,0.580645
9,22,0.943731,0.662921,0.624309
9,23,0.947933,0.608696,0.642458
9,24,0.946071,0.626374,0.642458
9,25,0.947165,0.608696,0.651685
9,26,0.942946,0.662921,0.68
9,27,0.950338,0.626374,0.661017
9,28,0.950862,0.626374,0.670455
9,29,0.942629,0.626374,0.642458
10,11,0.939986,0.608696,0.661017
10,12,0.934761,0.608696,0.68
10,13,0.948478,0.574468,0.689655
10,14,0.948111,0.626374,0.642458
10,15,0.939139,0.574468,0.633333
10,16,0.952617,0.662921,0.670455
10,17,0.951324,0.557895,0.699422
10,18,0.947917,0.541667,0.642458
10,19,0.937017,0.557895,0.670455
10,20,0.94964,0.626374,0.709302
10,21,0.948997,0.608696,0.642458
10,22,0.942362,0.608696,0.633333
10,23,0.944677,0.541667,0.615385
10,24,0.944642,0.541667,0.699422
10,25,0.949941,0.591398,0.68
10,26,0.950041,0.608696,0.633333
10,27,0.949809,0.591398,0.670455
10,28,0.942637,0.574468,0.642458
10,29,0.940528,0.574468,0.670455
11,12,0.94015,0.591398,0.68
11,13,0.942192,0.541667,0.615385
11,14,0.935838,0.574468,0.624309
11,15,0.919119,0.591398,0.615385
11,16,0.94433,0.662921,0.651685
11,17,0.938539,0.662921,0.670455
11,18,0.94579,0.626374,0.719298
11,19,0.938919,0.608696,0.624309
11,20,0.92814,0.541667,0.651685
11,21,0.937632,0.626374,0.624309
11,22,0.928888,0.557895,0.555556
11,23,0.933603,0.557895,0.56383
11,24,0.928358,0.591398,0.661017
11,25,0.946538,0.626374,0.670455
11,26,0.940985,0.591398,0.624309
11,27,0.939804,0.608696,0.651685
11,28,0.938358,0.557895,0.651685
11,29,0.938742,0.644444,0.642458
12,13,0.952155,0.662921,0.68
12,14,0.94535,0.681818,0.699422
12,15,0.943067,0.681818,0.709302
12,16,0.941415,0.626374,0.642458
12,17,0.935976,0.574468,0.661017
12,18,0.952234,0.557895,0.699422
12,19,0.929071,0.510204,0.651685
12,20,0.941125,0.591398,0.699422
12,21,0.946414,0.72093,0.699422
12,22,0.951355,0.741176,0.689655
12,23,0.950295,0.681818,0.68
12,24,0.939136,0.608696,0.689655
12,25,0.953032,0.662921,0.699422
12,26,0.94912,0.662921,0.651685
12,27,0.947508,0.608696,0.651685
12,28,0.939699,0.626374,0.661017
12,29,0.94896,0.591398,0.633333
13,14,0.942157,0.557895,0.633333
13,15,0.941448,0.591398,0.633333
13,16,0.949665,0.557895,0.661017
13,17,0.944459,0.510204,0.651685
13,18,0.948722,0.557895,0.689655
13,19,0.94177,0.574468,0.624309
13,20,0.948004,0.541667,0.729412
13,21,0.950548,0.608696,0.689655
13,22,0.946412,0.591398,0.68
13,23,0.952501,0.541667,0.651685
13,24,0.937987,0.574468,0.651685
13,25,0.946653,0.574468,0.68
13,26,0.955662,0.644444,0.68
13,27,0.943893,0.574468,0.642458
13,28,0.945664,0.574468,0.651685
13,29,0.950995,0.541667,0.651685
14,15,0.943295,0.626374,0.642458
14,16,0.95295,0.541667,0.651685
14,17,0.952693,0.608696,0.689655
14,18,0.947351,0.591398,0.615385
14,19,0.939713,0.591398,0.642458
14,20,0.941853,0.557895,0.689655
14,21,0.955367,0.626374,0.68
14,22,0.93879,0.525773,0.661017
14,23,0.95908,0.591398,0.699422
14,24,0.949557,0.510204,0.68
14,25,0.944013,0.591398,0.661017
14,26,0.952286,0.608696,0.633333
14,27,0.944412,0.626374,0.699422
14,28,0.948764,0.608696,0.670455
14,29,0.938793,0.608696,0.615385
15,16,0.935825,0.591398,0.56383
15,17,0.950336,0.574468,0.633333
15,18,0.939818,0.644444,0.615385
15,19,0.937412,0.525773,0.597826
15,20,0.943389,0.557895,0.642458
15,21,0.940802,0.608696,0.606557
15,22,0.941626,0.72093,0.624309
15,23,0.951867,0.72093,0.689655
15,24,0.935963,0.626374,0.606557
15,25,0.938045,0.626374,0.661017
15,26,0.949028,0.608696,0.661017
15,27,0.942206,0.644444,0.642458
15,28,0.939048,0.626374,0.651685
15,29,0.93206,0.591398,0.597826
16,17,0.953674,0.608696,0.68
16,18,0.955654,0.557895,0.661017
16,19,0.946865,0.525773,0.642458
16,20,0.950942,0.608696,0.689655
16,21,0.950483,0.608696,0.651685
16,22,0.942247,0.591398,0.547368
16,23,0.946543,0.574468,0.580645
16,24,0.95213,0.591398,0.624309
16,25,0.948803,0.626374,0.699422
16,26,0.95275,0.662921,0.624309
16,27,0.951795,0.608696,0.633333
16,28,0.956646,0.644444,0.651685
16,29,0.944263,0.591398,0.719298
17,18,0.955673,0.557895,0.670455
17,19,0.954255,0.591398,0.642458
17,20,0.951885,0.541667,0.689655
17,21,0.948809,0.644444,0.661017
17,22,0.949148,0.574468,0.606557
17,23,0.948107,0.557895,0.615385
17,24,0.951393,0.574468,0.689655
17,25,0.953491,0.574468,0.68
17,26,0.95214,0.557895,0.651685
17,27,0.950728,0.591398,0.670455
17,28,0.951309,0.626374,0.689655
17,29,0.938802,0.525773,0.615385
18,19,0.947315,0.574468,0.689655
18,20,0.945321,0.541667,0.689655
18,21,0.94892,0.608696,0.661017
18,22,0.942486,0.591398,0.589189
18,23,0.946311,0.591398,0.615385
18,24,0.93905,0.591398,0.68
18,25,0.951873,0.557895,0.689655
18,26,0.955897,0.591398,0.68
18,27,0.941739,0.608696,0.606557
18,28,0.948235,0.591398,0.68
18,29,0.939158,0.626374,0.633333
19,20,0.94725,0.494949,0.719298
19,21,0.941004,0.626374,0.661017
19,22,0.926372,0.494949,0.56383
19,23,0.933054,0.465347,0.572193
19,24,0.935142,0.525773,0.651685
19,25,0.939029,0.541667,0.642458
19,26,0.949714,0.510204,0.651685
19,27,0.934787,0.591398,0.615385
19,28,0.943121,0.557895,0.651685
19,29,0.931656,0.608696,0.606557
20,21,0.943953,0.541667,0.719298
20,22,0.946259,0.557895,0.670455
20,23,0.945849,0.574468,0.670455
20,24,0.94529,0.541667,0.709302
20,25,0.94669,0.525773,0.719298
20,26,0.952699,0.574468,0.699422
20,27,0.94119,0.525773,0.68
20,28,0.944668,0.608696,0.719298
20,29,0.937043,0.557895,0.689655
21,22,0.946221,0.644444,0.633333
21,23,0.952362,0.608696,0.670455
21,24,0.942631,0.591398,0.709302
21,25,0.947746,0.608696,0.670455
21,26,0.952473,0.591398,0.670455
21,27,0.948363,0.608696,0.606557
21,28,0.948865,0.644444,0.670455
21,29,0.937789,0.644444,0.606557
22,23,0.949009,0.681818,0.709302
22,24,0.941163,0.608696,0.633333
22,25,0.951046,0.626374,0.606557
22,26,0.937956,0.591398,0.633333
22,27,0.948124,0.574468,0.606557
22,28,0.941605,0.591398,0.624309
22,29,0.943283,0.574468,0.555556
23,24,0.945597,0.574468,0.642458
23,25,0.942257,0.591398,0.624309
23,26,0.946739,0.681818,0.642458
23,27,0.94637,0.591398,0.642458
23,28,0.952294,0.591398,0.651685
23,29,0.943718,0.525773,0.589189
24,25,0.948298,0.557895,0.68
24,26,0.942505,0.574468,0.651685
24,27,0.943585,0.644444,0.642458
24,28,0.953134,0.608696,0.689655
24,29,0.94207,0.557895,0.651685
25,26,0.950181,0.626374,0.68
25,27,0.95702,0.608696,0.68
25,28,0.943033,0.644444,0.729412
25,29,0.947674,0.574468,0.689655
26,27,0.944995,0.626374,0.670455
26,28,0.942509,0.662921,0.661017
26,29,0.944314,0.557895,0.615385
27,28,0.946152,0.608696,0.624309
27,29,0.944059,0.626374,0.633333
28,29,0.943694,0.591398,0.689655
