employee_index,selected_runs,total_runs,selection_frequency
838,30,30,1.0
746,30,30,1.0
1447,30,30,1.0
1116,30,30,1.0
411,30,30,1.0
1301,30,30,1.0
749,30,30,1.0
194,30,30,1.0
918,30,30,1.0
63,30,30,1.0
595,30,30,1.0
875,30,30,1.0
1186,30,30,1.0
187,30,30,1.0
477,30,30,1.0
171,30,30,1.0
913,30,30,1.0
178,30,30,1.0
544,30,30,1.0
401,30,30,1.0
427,30,30,1.0
237,30,30,1.0
1223,30,30,1.0
861,30,30,1.0
105,30,30,1.0
110,30,30,1.0
119,30,30,1.0
561,30,30,1.0
1086,30,30,1.0
1135,30,30,1.0
445,29,30,0.9667
936,29,30,0.9667
235,28,30,0.9333
45,28,30,0.9333
1129,28,30,0.9333
123,28,30,0.9333
502,26,30,0.8667
533,26,30,0.8667
1076,26,30,0.8667
270,26,30,0.8667
976,26,30,0.8667
290,25,30,0.8333
1078,25,30,0.8333
1058,25,30,0.8333
1401,24,30,0.8
352,24,30,0.8
357,23,30,0.7667
616,23,30,0.7667
867,22,30,0.7333
1239,22,30,0.7333
190,22,30,0.7333
627,20,30,0.6667
231,20,30,0.6667
1268,20,30,0.6667
26,20,30,0.6667
1308,19,30,0.6333
55,19,30,0.6333
887,19,30,0.6333
922,18,30,0.6
911,18,30,0.6
1087,17,30,0.5667
1100,17,30,0.5667
1351,17,30,0.5667
48,16,30,0.5333
804,15,30,0.5
592,15,30,0.5
914,15,30,0.5
716,15,30,0.5
1184,15,30,0.5
62,14,30,0.4667
182,14,30,0.4667
385,14,30,0.4667
926,14,30,0.4667
578,13,30,0.4333
1138,13,30,0.4333
975,13,30,0.4333
120,13,30,0.4333
1327,13,30,0.4333
466,13,30,0.4333
106,11,30,0.3667
152,11,30,0.3667
1166,11,30,0.3667
251,10,30,0.3333
653,10,30,0.3333
1365,10,30,0.3333
778,10,30,0.3333
1438,10,30,0.3333
760,9,30,0.3
127,9,30,0.3
205,8,30,0.2667
750,8,30,0.2667
968,8,30,0.2667
424,8,30,0.2667
415,8,30,0.2667
892,7,30,0.2333
326,7,30,0.2333
521,7,30,0.2333
1006,7,30,0.2333
1153,7,30,0.2333
1295,6,30,0.2
1009,6,30,0.2
956,6,30,0.2
1096,6,30,0.2
774,6,30,0.2
706,6,30,0.2
98,6,30,0.2
497,5,30,0.1667
1432,5,30,0.1667
473,5,30,0.1667
112,5,30,0.1667
701,4,30,0.1333
126,4,30,0.1333
1400,4,30,0.1333
994,4,30,0.1333
457,4,30,0.1333
440,4,30,0.1333
295,3,30,0.1
1057,3,30,0.1
545,3,30,0.1
347,3,30,0.1
29,3,30,0.1
281,3,30,0.1
1242,3,30,0.1
263,3,30,0.1
1368,3,30,0.1
688,3,30,0.1
1264,2,30,0.0667
1024,2,30,0.0667
1204,2,30,0.0667
752,2,30,0.0667
1225,2,30,0.0667
882,2,30,0.0667
792,2,30,0.0667
785,2,30,0.0667
1008,2,30,0.0667
1221,2,30,0.0667
362,2,30,0.0667
584,2,30,0.0667
314,1,30,0.0333
563,1,30,0.0333
1421,1,30,0.0333
915,1,30,0.0333
1007,1,30,0.0333
278,1,30,0.0333
748,1,30,0.0333
91,1,30,0.0333
95,1,30,0.0333
413,1,30,0.0333
977,1,30,0.0333
955,1,30,0.0333
937,1,30,0.0333
286,1,30,0.0333
791,1,30,0.0333
1331,1,30,0.0333
1140,1,30,0.0333
1056,1,30,0.0333
1403,1,30,0.0333
70,1,30,0.0333
1031,0,30,0.0
1034,0,30,0.0
1033,0,30,0.0
1041,0,30,0.0
1032,0,30,0.0
1048,0,30,0.0
983,0,30,0.0
1082,0,30,0.0
1081,0,30,0.0
984,0,30,0.0
970,0,30,0.0
985,0,30,0.0
986,0,30,0.0
987,0,30,0.0
1080,0,30,0.0
1059,0,30,0.0
1047,0,30,0.0
988,0,30,0.0
1030,0,30,0.0
1079,0,30,0.0
989,0,30,0.0
1029,0,30,0.0
990,0,30,0.0
982,0,30,0.0
1065,0,30,0.0
1015,0,30,0.0
1054,0,30,0.0
971,0,30,0.0
1052,0,30,0.0
1040,0,30,0.0
1088,0,30,0.0
972,0,30,0.0
1039,0,30,0.0
973,0,30,0.0
1050,0,30,0.0
1049,0,30,0.0
974,0,30,0.0
1038,0,30,0.0
1055,0,30,0.0
1085,0,30,0.0
1084,0,30,0.0
1037,0,30,0.0
1036,0,30,0.0
1035,0,30,0.0
978,0,30,0.0
979,0,30,0.0
980,0,30,0.0
981,0,30,0.0
1083,0,30,0.0
991,0,30,0.0
992,0,30,0.0
993,0,30,0.0
1028,0,30,0.0
1002,0,30,0.0
1068,0,30,0.0
1003,0,30,0.0
1004,0,30,0.0
1005,0,30,0.0
1020,0,30,0.0
1051,0,30,0.0
1019,0,30,0.0
1018,0,30,0.0
1063,0,30,0.0
1044,0,30,0.0
1043,0,30,0.0
1010,0,30,0.0
1011,0,30,0.0
1012,0,30,0.0
1064,0,30,0.0
1013,0,30,0.0
1067,0,30,0.0
1014,0,30,0.0
1017,0,30,0.0
1042,0,30,0.0
1016,0,30,0.0
1066,0,30,0.0
1001,0,30,0.0
1069,0,30,0.0
1070,0,30,0.0
1026,0,30,0.0
1060,0,30,0.0
1061,0,30,0.0
1062,0,30,0.0
1046,0,30,0.0
995,0,30,0.0
996,0,30,0.0
1027,0,30,0.0
997,0,30,0.0
998,0,30,0.0
1045,0,30,0.0
1025,0,30,0.0
1053,0,30,0.0
1023,0,30,0.0
1077,0,30,0.0
999,0,30,0.0
1075,0,30,0.0
1022,0,30,0.0
1021,0,30,0.0
1074,0,30,0.0
1073,0,30,0.0
1072,0,30,0.0
1071,0,30,0.0
1000,0,30,0.0
935,0,30,0.0
969,0,30,0.0
834,0,30,0.0
843,0,30,0.0
842,0,30,0.0
841,0,30,0.0
840,0,30,0.0
839,0,30,0.0
837,0,30,0.0
836,0,30,0.0
835,0,30,0.0
833,0,30,0.0
868,0,30,0.0
832,0,30,0.0
831,0,30,0.0
830,0,30,0.0
829,0,30,0.0
828,0,30,0.0
827,0,30,0.0
826,0,30,0.0
825,0,30,0.0
844,0,30,0.0
845,0,30,0.0
846,0,30,0.0
847,0,30,0.0
865,0,30,0.0
864,0,30,0.0
863,0,30,0.0
862,0,30,0.0
860,0,30,0.0
859,0,30,0.0
858,0,30,0.0
857,0,30,0.0
856,0,30,0.0
855,0,30,0.0
854,0,30,0.0
853,0,30,0.0
852,0,30,0.0
851,0,30,0.0
850,0,30,0.0
849,0,30,0.0
848,0,30,0.0
824,0,30,0.0
823,0,30,0.0
822,0,30,0.0
800,0,30,0.0
798,0,30,0.0
797,0,30,0.0
796,0,30,0.0
795,0,30,0.0
794,0,30,0.0
793,0,30,0.0
790,0,30,0.0
789,0,30,0.0
788,0,30,0.0
787,0,30,0.0
786,0,30,0.0
784,0,30,0.0
783,0,30,0.0
782,0,30,0.0
781,0,30,0.0
780,0,30,0.0
779,0,30,0.0
799,0,30,0.0
801,0,30,0.0
821,0,30,0.0
802,0,30,0.0
820,0,30,0.0
819,0,30,0.0
818,0,30,0.0
817,0,30,0.0
816,0,30,0.0
815,0,30,0.0
814,0,30,0.0
813,0,30,0.0
812,0,30,0.0
811,0,30,0.0
810,0,30,0.0
809,0,30,0.0
808,0,30,0.0
807,0,30,0.0
806,0,30,0.0
805,0,30,0.0
803,0,30,0.0
866,0,30,0.0
869,0,30,0.0
967,0,30,0.0
933,0,30,0.0
943,0,30,0.0
942,0,30,0.0
941,0,30,0.0
940,0,30,0.0
939,0,30,0.0
938,0,30,0.0
1090,0,30,0.0
934,0,30,0.0
932,0,30,0.0
870,0,30,0.0
931,0,30,0.0
930,0,30,0.0
929,0,30,0.0
928,0,30,0.0
927,0,30,0.0
925,0,30,0.0
924,0,30,0.0
923,0,30,0.0
944,0,30,0.0
945,0,30,0.0
946,0,30,0.0
947,0,30,0.0
966,0,30,0.0
965,0,30,0.0
964,0,30,0.0
963,0,30,0.0
962,0,30,0.0
961,0,30,0.0
960,0,30,0.0
959,0,30,0.0
958,0,30,0.0
957,0,30,0.0
954,0,30,0.0
953,0,30,0.0
952,0,30,0.0
951,0,30,0.0
950,0,30,0.0
949,0,30,0.0
948,0,30,0.0
921,0,30,0.0
920,0,30,0.0
919,0,30,0.0
893,0,30,0.0
890,0,30,0.0
889,0,30,0.0
888,0,30,0.0
886,0,30,0.0
885,0,30,0.0
884,0,30,0.0
883,0,30,0.0
881,0,30,0.0
880,0,30,0.0
879,0,30,0.0
878,0,30,0.0
877,0,30,0.0
876,0,30,0.0
874,0,30,0.0
873,0,30,0.0
872,0,30,0.0
871,0,30,0.0
891,0,30,0.0
894,0,30,0.0
917,0,30,0.0
895,0,30,0.0
916,0,30,0.0
912,0,30,0.0
910,0,30,0.0
909,0,30,0.0
908,0,30,0.0
907,0,30,0.0
906,0,30,0.0
905,0,30,0.0
904,0,30,0.0
903,0,30,0.0
902,0,30,0.0
901,0,30,0.0
900,0,30,0.0
899,0,30,0.0
898,0,30,0.0
897,0,30,0.0
896,0,30,0.0
1089,0,30,0.0
0,0,30,0.0
1091,0,30,0.0
1342,0,30,0.0
1350,0,30,0.0
1349,0,30,0.0
1348,0,30,0.0
1347,0,30,0.0
1346,0,30,0.0
1345,0,30,0.0
1344,0,30,0.0
1343,0,30,0.0
1341,0,30,0.0
1353,0,30,0.0
1340,0,30,0.0
1339,0,30,0.0
1338,0,30,0.0
1337,0,30,0.0
1336,0,30,0.0
1335,0,30,0.0
1334,0,30,0.0
1333,0,30,0.0
1352,0,30,0.0
1354,0,30,0.0
1283,0,30,0.0
1366,0,30,0.0
1375,0,30,0.0
1374,0,30,0.0
1373,0,30,0.0
1372,0,30,0.0
1371,0,30,0.0
1370,0,30,0.0
1369,0,30,0.0
1367,0,30,0.0
1364,0,30,0.0
1355,0,30,0.0
1363,0,30,0.0
1362,0,30,0.0
1361,0,30,0.0
1360,0,30,0.0
1359,0,30,0.0
1358,0,30,0.0
1357,0,30,0.0
1356,0,30,0.0
1332,0,30,0.0
1330,0,30,0.0
1329,0,30,0.0
1294,0,30,0.0
1304,0,30,0.0
1303,0,30,0.0
1302,0,30,0.0
1300,0,30,0.0
1299,0,30,0.0
1298,0,30,0.0
1297,0,30,0.0
1296,0,30,0.0
1293,0,30,0.0
1328,0,30,0.0
1292,0,30,0.0
1291,0,30,0.0
1290,0,30,0.0
1289,0,30,0.0
1288,0,30,0.0
1287,0,30,0.0
1286,0,30,0.0
1285,0,30,0.0
1305,0,30,0.0
1306,0,30,0.0
1307,0,30,0.0
1309,0,30,0.0
1326,0,30,0.0
1325,0,30,0.0
1324,0,30,0.0
1323,0,30,0.0
1322,0,30,0.0
1321,0,30,0.0
1320,0,30,0.0
1319,0,30,0.0
1318,0,30,0.0
1317,0,30,0.0
1316,0,30,0.0
1315,0,30,0.0
1314,0,30,0.0
1313,0,30,0.0
1312,0,30,0.0
1311,0,30,0.0
1310,0,30,0.0
1376,0,30,0.0
1377,0,30,0.0
1378,0,30,0.0
1437,0,30,0.0
1446,0,30,0.0
1445,0,30,0.0
1444,0,30,0.0
1443,0,30,0.0
1442,0,30,0.0
1441,0,30,0.0
1440,0,30,0.0
1439,0,30,0.0
1436,0,30,0.0
1425,0,30,0.0
1435,0,30,0.0
1434,0,30,0.0
1433,0,30,0.0
1431,0,30,0.0
1430,0,30,0.0
1429,0,30,0.0
1428,0,30,0.0
1427,0,30,0.0
1448,0,30,0.0
1449,0,30,0.0
1450,0,30,0.0
1451,0,30,0.0
1468,0,30,0.0
1467,0,30,0.0
1466,0,30,0.0
1465,0,30,0.0
1464,0,30,0.0
1463,0,30,0.0
1462,0,30,0.0
1461,0,30,0.0
1460,0,30,0.0
1459,0,30,0.0
1458,0,30,0.0
1457,0,30,0.0
1456,0,30,0.0
1455,0,30,0.0
1454,0,30,0.0
1453,0,30,0.0
1452,0,30,0.0
1426,0,30,0.0
1424,0,30,0.0
1379,0,30,0.0
1389,0,30,0.0
1397,0,30,0.0
1396,0,30,0.0
1395,0,30,0.0
1394,0,30,0.0
1393,0,30,0.0
1392,0,30,0.0
1391,0,30,0.0
1390,0,30,0.0
1388,0,30,0.0
1423,0,30,0.0
1387,0,30,0.0
1386,0,30,0.0
1385,0,30,0.0
1384,0,30,0.0
1383,0,30,0.0
1382,0,30,0.0
1381,0,30,0.0
1380,0,30,0.0
1398,0,30,0.0
1399,0,30,0.0
1402,0,30,0.0
1404,0,30,0.0
1422,0,30,0.0
1420,0,30,0.0
1419,0,30,0.0
1418,0,30,0.0
1417,0,30,0.0
1416,0,30,0.0
1415,0,30,0.0
1414,0,30,0.0
1413,0,30,0.0
1412,0,30,0.0
1411,0,30,0.0
1410,0,30,0.0
1409,0,30,0.0
1408,0,30,0.0
1407,0,30,0.0
1406,0,30,0.0
1405,0,30,0.0
1284,0,30,0.0
1282,0,30,0.0
1092,0,30,0.0
1152,0,30,0.0
1161,0,30,0.0
1160,0,30,0.0
1159,0,30,0.0
1158,0,30,0.0
1157,0,30,0.0
1156,0,30,0.0
1155,0,30,0.0
1154,0,30,0.0
1151,0,30,0.0
1163,0,30,0.0
1150,0,30,0.0
1149,0,30,0.0
1148,0,30,0.0
1147,0,30,0.0
1146,0,30,0.0
1145,0,30,0.0
1144,0,30,0.0
1143,0,30,0.0
1162,0,30,0.0
1164,0,30,0.0
1281,0,30,0.0
1176,0,30,0.0
1185,0,30,0.0
1183,0,30,0.0
1182,0,30,0.0
1181,0,30,0.0
1180,0,30,0.0
1179,0,30,0.0
1178,0,30,0.0
1177,0,30,0.0
1175,0,30,0.0
1165,0,30,0.0
1174,0,30,0.0
1173,0,30,0.0
1172,0,30,0.0
1171,0,30,0.0
1170,0,30,0.0
1169,0,30,0.0
1168,0,30,0.0
1167,0,30,0.0
1142,0,30,0.0
1141,0,30,0.0
1139,0,30,0.0
1104,0,30,0.0
1112,0,30,0.0
1111,0,30,0.0
1110,0,30,0.0
1109,0,30,0.0
1108,0,30,0.0
1107,0,30,0.0
1106,0,30,0.0
1105,0,30,0.0
1103,0,30,0.0
1137,0,30,0.0
1102,0,30,0.0
1101,0,30,0.0
1099,0,30,0.0
1098,0,30,0.0
1097,0,30,0.0
1095,0,30,0.0
1094,0,30,0.0
1093,0,30,0.0
1113,0,30,0.0
1114,0,30,0.0
1115,0,30,0.0
1117,0,30,0.0
1136,0,30,0.0
1134,0,30,0.0
1133,0,30,0.0
1132,0,30,0.0
1131,0,30,0.0
1130,0,30,0.0
777,0,30,0.0
1127,0,30,0.0
1126,0,30,0.0
1125,0,30,0.0
1124,0,30,0.0
1123,0,30,0.0
1122,0,30,0.0
1121,0,30,0.0
1120,0,30,0.0
1119,0,30,0.0
1118,0,30,0.0
1187,0,30,0.0
1188,0,30,0.0
1189,0,30,0.0
1249,0,30,0.0
1257,0,30,0.0
1256,0,30,0.0
1255,0,30,0.0
1254,0,30,0.0
1253,0,30,0.0
1252,0,30,0.0
1251,0,30,0.0
1250,0,30,0.0
1248,0,30,0.0
1236,0,30,0.0
1247,0,30,0.0
1246,0,30,0.0
1245,0,30,0.0
1244,0,30,0.0
1243,0,30,0.0
1241,0,30,0.0
1240,0,30,0.0
1238,0,30,0.0
1258,0,30,0.0
1259,0,30,0.0
1260,0,30,0.0
1261,0,30,0.0
1280,0,30,0.0
1279,0,30,0.0
1278,0,30,0.0
1277,0,30,0.0
1276,0,30,0.0
1275,0,30,0.0
1274,0,30,0.0
1273,0,30,0.0
1272,0,30,0.0
1271,0,30,0.0
1270,0,30,0.0
1269,0,30,0.0
1267,0,30,0.0
1266,0,30,0.0
1265,0,30,0.0
1263,0,30,0.0
1262,0,30,0.0
1237,0,30,0.0
1235,0,30,0.0
1190,0,30,0.0
1200,0,30,0.0
1209,0,30,0.0
1208,0,30,0.0
1207,0,30,0.0
1206,0,30,0.0
1205,0,30,0.0
1203,0,30,0.0
1202,0,30,0.0
1201,0,30,0.0
1199,0,30,0.0
1234,0,30,0.0
1198,0,30,0.0
1197,0,30,0.0
1196,0,30,0.0
1195,0,30,0.0
1194,0,30,0.0
1193,0,30,0.0
1192,0,30,0.0
1191,0,30,0.0
1210,0,30,0.0
1211,0,30,0.0
1212,0,30,0.0
1213,0,30,0.0
1233,0,30,0.0
1232,0,30,0.0
1231,0,30,0.0
1230,0,30,0.0
1229,0,30,0.0
1228,0,30,0.0
1227,0,30,0.0
1226,0,30,0.0
1224,0,30,0.0
1222,0,30,0.0
1220,0,30,0.0
1219,0,30,0.0
1218,0,30,0.0
1217,0,30,0.0
1216,0,30,0.0
1215,0,30,0.0
1214,0,30,0.0
1128,0,30,0.0
735,0,30,0.0
776,0,30,0.0
259,0,30,0.0
268,0,30,0.0
267,0,30,0.0
266,0,30,0.0
265,0,30,0.0
264,0,30,0.0
262,0,30,0.0
261,0,30,0.0
260,0,30,0.0
258,0,30,0.0
271,0,30,0.0
257,0,30,0.0
256,0,30,0.0
255,0,30,0.0
254,0,30,0.0
253,0,30,0.0
252,0,30,0.0
250,0,30,0.0
249,0,30,0.0
269,0,30,0.0
272,0,30,0.0
298,0,30,0.0
285,0,30,0.0
296,0,30,0.0
294,0,30,0.0
293,0,30,0.0
292,0,30,0.0
291,0,30,0.0
289,0,30,0.0
288,0,30,0.0
287,0,30,0.0
284,0,30,0.0
273,0,30,0.0
283,0,30,0.0
282,0,30,0.0
280,0,30,0.0
279,0,30,0.0
277,0,30,0.0
276,0,30,0.0
275,0,30,0.0
274,0,30,0.0
248,0,30,0.0
247,0,30,0.0
246,0,30,0.0
212,0,30,0.0
220,0,30,0.0
219,0,30,0.0
218,0,30,0.0
217,0,30,0.0
216,0,30,0.0
215,0,30,0.0
214,0,30,0.0
213,0,30,0.0
211,0,30,0.0
245,0,30,0.0
210,0,30,0.0
209,0,30,0.0
208,0,30,0.0
207,0,30,0.0
206,0,30,0.0
204,0,30,0.0
203,0,30,0.0
202,0,30,0.0
221,0,30,0.0
222,0,30,0.0
223,0,30,0.0
224,0,30,0.0
244,0,30,0.0
243,0,30,0.0
242,0,30,0.0
241,0,30,0.0
240,0,30,0.0
239,0,30,0.0
238,0,30,0.0
236,0,30,0.0
234,0,30,0.0
233,0,30,0.0
232,0,30,0.0
230,0,30,0.0
229,0,30,0.0
228,0,30,0.0
227,0,30,0.0
226,0,30,0.0
225,0,30,0.0
297,0,30,0.0
299,0,30,0.0
775,0,30,0.0
358,0,30,0.0
367,0,30,0.0
366,0,30,0.0
365,0,30,0.0
364,0,30,0.0
363,0,30,0.0
361,0,30,0.0
360,0,30,0.0
359,0,30,0.0
356,0,30,0.0
369,0,30,0.0
355,0,30,0.0
354,0,30,0.0
353,0,30,0.0
351,0,30,0.0
350,0,30,0.0
349,0,30,0.0
348,0,30,0.0
346,0,30,0.0
368,0,30,0.0
370,0,30,0.0
300,0,30,0.0
381,0,30,0.0
390,0,30,0.0
389,0,30,0.0
388,0,30,0.0
387,0,30,0.0
386,0,30,0.0
384,0,30,0.0
383,0,30,0.0
382,0,30,0.0
380,0,30,0.0
371,0,30,0.0
379,0,30,0.0
378,0,30,0.0
377,0,30,0.0
376,0,30,0.0
375,0,30,0.0
374,0,30,0.0
373,0,30,0.0
372,0,30,0.0
345,0,30,0.0
344,0,30,0.0
343,0,30,0.0
310,0,30,0.0
319,0,30,0.0
318,0,30,0.0
317,0,30,0.0
316,0,30,0.0
315,0,30,0.0
313,0,30,0.0
312,0,30,0.0
311,0,30,0.0
309,0,30,0.0
342,0,30,0.0
308,0,30,0.0
307,0,30,0.0
306,0,30,0.0
305,0,30,0.0
304,0,30,0.0
303,0,30,0.0
302,0,30,0.0
301,0,30,0.0
320,0,30,0.0
321,0,30,0.0
322,0,30,0.0
323,0,30,0.0
341,0,30,0.0
340,0,30,0.0
339,0,30,0.0
338,0,30,0.0
337,0,30,0.0
336,0,30,0.0
335,0,30,0.0
334,0,30,0.0
333,0,30,0.0
332,0,30,0.0
331,0,30,0.0
330,0,30,0.0
329,0,30,0.0
328,0,30,0.0
327,0,30,0.0
325,0,30,0.0
324,0,30,0.0
201,0,30,0.0
200,0,30,0.0
199,0,30,0.0
59,0,30,0.0
69,0,30,0.0
68,0,30,0.0
67,0,30,0.0
66,0,30,0.0
65,0,30,0.0
64,0,30,0.0
61,0,30,0.0
60,0,30,0.0
58,0,30,0.0
72,0,30,0.0
57,0,30,0.0
56,0,30,0.0
54,0,30,0.0
53,0,30,0.0
52,0,30,0.0
51,0,30,0.0
50,0,30,0.0
49,0,30,0.0
71,0,30,0.0
73,0,30,0.0
198,0,30,0.0
84,0,30,0.0
93,0,30,0.0
92,0,30,0.0
90,0,30,0.0
89,0,30,0.0
88,0,30,0.0
87,0,30,0.0
86,0,30,0.0
85,0,30,0.0
83,0,30,0.0
74,0,30,0.0
82,0,30,0.0
81,0,30,0.0
80,0,30,0.0
79,0,30,0.0
78,0,30,0.0
77,0,30,0.0
76,0,30,0.0
75,0,30,0.0
47,0,30,0.0
46,0,30,0.0
44,0,30,0.0
11,0,30,0.0
19,0,30,0.0
18,0,30,0.0
17,0,30,0.0
16,0,30,0.0
15,0,30,0.0
14,0,30,0.0
13,0,30,0.0
12,0,30,0.0
10,0,30,0.0
43,0,30,0.0
9,0,30,0.0
8,0,30,0.0
7,0,30,0.0
6,0,30,0.0
5,0,30,0.0
4,0,30,0.0
3,0,30,0.0
2,0,30,0.0
20,0,30,0.0
21,0,30,0.0
22,0,30,0.0
23,0,30,0.0
42,0,30,0.0
41,0,30,0.0
40,0,30,0.0
39,0,30,0.0
38,0,30,0.0
37,0,30,0.0
36,0,30,0.0
35,0,30,0.0
34,0,30,0.0
33,0,30,0.0
32,0,30,0.0
31,0,30,0.0
30,0,30,0.0
28,0,30,0.0
27,0,30,0.0
25,0,30,0.0
24,0,30,0.0
94,0,30,0.0
96,0,30,0.0
97,0,30,0.0
162,0,30,0.0
170,0,30,0.0
169,0,30,0.0
168,0,30,0.0
167,0,30,0.0
166,0,30,0.0
165,0,30,0.0
164,0,30,0.0
163,0,30,0.0
161,0,30,0.0
150,0,30,0.0
160,0,30,0.0
159,0,30,0.0
158,0,30,0.0
157,0,30,0.0
156,0,30,0.0
155,0,30,0.0
154,0,30,0.0
153,0,30,0.0
172,0,30,0.0
173,0,30,0.0
174,0,30,0.0
175,0,30,0.0
197,0,30,0.0
196,0,30,0.0
195,0,30,0.0
193,0,30,0.0
192,0,30,0.0
191,0,30,0.0
189,0,30,0.0
188,0,30,0.0
186,0,30,0.0
185,0,30,0.0
184,0,30,0.0
183,0,30,0.0
181,0,30,0.0
180,0,30,0.0
179,0,30,0.0
177,0,30,0.0
176,0,30,0.0
151,0,30,0.0
149,0,30,0.0
99,0,30,0.0
113,0,30,0.0
124,0,30,0.0
122,0,30,0.0
121,0,30,0.0
118,0,30,0.0
117,0,30,0.0
116,0,30,0.0
115,0,30,0.0
114,0,30,0.0
111,0,30,0.0
148,0,30,0.0
109,0,30,0.0
108,0,30,0.0
107,0,30,0.0
104,0,30,0.0
103,0,30,0.0
102,0,30,0.0
101,0,30,0.0
100,0,30,0.0
125,0,30,0.0
128,0,30,0.0
129,0,30,0.0
130,0,30,0.0
147,0,30,0.0
146,0,30,0.0
145,0,30,0.0
144,0,30,0.0
143,0,30,0.0
142,0,30,0.0
141,0,30,0.0
140,0,30,0.0
139,0,30,0.0
138,0,30,0.0
137,0,30,0.0
136,0,30,0.0
135,0,30,0.0
134,0,30,0.0
133,0,30,0.0
132,0,30,0.0
131,0,30,0.0
391,0,30,0.0
392,0,30,0.0
393,0,30,0.0
646,0,30,0.0
655,0,30,0.0
654,0,30,0.0
652,0,30,0.0
651,0,30,0.0
650,0,30,0.0
649,0,30,0.0
648,0,30,0.0
647,0,30,0.0
645,0,30,0.0
657,0,30,0.0
644,0,30,0.0
643,0,30,0.0
642,0,30,0.0
641,0,30,0.0
640,0,30,0.0
639,0,30,0.0
638,0,30,0.0
637,0,30,0.0
656,0,30,0.0
658,0,30,0.0
588,0,30,0.0
669,0,30,0.0
677,0,30,0.0
676,0,30,0.0
675,0,30,0.0
674,0,30,0.0
673,0,30,0.0
672,0,30,0.0
671,0,30,0.0
670,0,30,0.0
668,0,30,0.0
659,0,30,0.0
667,0,30,0.0
666,0,30,0.0
665,0,30,0.0
664,0,30,0.0
663,0,30,0.0
662,0,30,0.0
661,0,30,0.0
660,0,30,0.0
636,0,30,0.0
635,0,30,0.0
634,0,30,0.0
601,0,30,0.0
609,0,30,0.0
608,0,30,0.0
607,0,30,0.0
606,0,30,0.0
605,0,30,0.0
604,0,30,0.0
603,0,30,0.0
602,0,30,0.0
600,0,30,0.0
633,0,30,0.0
599,0,30,0.0
598,0,30,0.0
597,0,30,0.0
596,0,30,0.0
594,0,30,0.0
593,0,30,0.0
591,0,30,0.0
590,0,30,0.0
610,0,30,0.0
611,0,30,0.0
612,0,30,0.0
613,0,30,0.0
632,0,30,0.0
631,0,30,0.0
630,0,30,0.0
629,0,30,0.0
628,0,30,0.0
626,0,30,0.0
625,0,30,0.0
624,0,30,0.0
623,0,30,0.0
622,0,30,0.0
621,0,30,0.0
620,0,30,0.0
619,0,30,0.0
618,0,30,0.0
617,0,30,0.0
615,0,30,0.0
614,0,30,0.0
678,0,30,0.0
679,0,30,0.0
680,0,30,0.0
738,0,30,0.0
747,0,30,0.0
745,0,30,0.0
744,0,30,0.0
743,0,30,0.0
742,0,30,0.0
741,0,30,0.0
740,0,30,0.0
739,0,30,0.0
737,0,30,0.0
727,0,30,0.0
736,0,30,0.0
1,0,30,0.0
734,0,30,0.0
733,0,30,0.0
732,0,30,0.0
731,0,30,0.0
730,0,30,0.0
729,0,30,0.0
751,0,30,0.0
753,0,30,0.0
754,0,30,0.0
755,0,30,0.0
773,0,30,0.0
772,0,30,0.0
771,0,30,0.0
770,0,30,0.0
769,0,30,0.0
768,0,30,0.0
767,0,30,0.0
766,0,30,0.0
765,0,30,0.0
764,0,30,0.0
763,0,30,0.0
762,0,30,0.0
761,0,30,0.0
759,0,30,0.0
758,0,30,0.0
757,0,30,0.0
756,0,30,0.0
728,0,30,0.0
726,0,30,0.0
681,0,30,0.0
692,0,30,0.0
700,0,30,0.0
699,0,30,0.0
698,0,30,0.0
697,0,30,0.0
696,0,30,0.0
695,0,30,0.0
694,0,30,0.0
693,0,30,0.0
691,0,30,0.0
725,0,30,0.0
690,0,30,0.0
689,0,30,0.0
687,0,30,0.0
686,0,30,0.0
685,0,30,0.0
684,0,30,0.0
683,0,30,0.0
682,0,30,0.0
702,0,30,0.0
703,0,30,0.0
704,0,30,0.0
705,0,30,0.0
724,0,30,0.0
723,0,30,0.0
722,0,30,0.0
721,0,30,0.0
720,0,30,0.0
719,0,30,0.0
718,0,30,0.0
717,0,30,0.0
715,0,30,0.0
714,0,30,0.0
713,0,30,0.0
712,0,30,0.0
711,0,30,0.0
710,0,30,0.0
709,0,30,0.0
708,0,30,0.0
707,0,30,0.0
589,0,30,0.0
587,0,30,0.0
394,0,30,0.0
455,0,30,0.0
464,0,30,0.0
463,0,30,0.0
462,0,30,0.0
461,0,30,0.0
460,0,30,0.0
459,0,30,0.0
458,0,30,0.0
456,0,30,0.0
454,0,30,0.0
467,0,30,0.0
453,0,30,0.0
452,0,30,0.0
451,0,30,0.0
450,0,30,0.0
449,0,30,0.0
448,0,30,0.0
447,0,30,0.0
446,0,30,0.0
465,0,30,0.0
468,0,30,0.0
586,0,30,0.0
481,0,30,0.0
489,0,30,0.0
488,0,30,0.0
487,0,30,0.0
486,0,30,0.0
485,0,30,0.0
484,0,30,0.0
483,0,30,0.0
482,0,30,0.0
480,0,30,0.0
469,0,30,0.0
479,0,30,0.0
478,0,30,0.0
476,0,30,0.0
475,0,30,0.0
474,0,30,0.0
472,0,30,0.0
471,0,30,0.0
470,0,30,0.0
444,0,30,0.0
443,0,30,0.0
442,0,30,0.0
405,0,30,0.0
416,0,30,0.0
414,0,30,0.0
412,0,30,0.0
410,0,30,0.0
409,0,30,0.0
408,0,30,0.0
407,0,30,0.0
406,0,30,0.0
404,0,30,0.0
441,0,30,0.0
403,0,30,0.0
402,0,30,0.0
400,0,30,0.0
399,0,30,0.0
398,0,30,0.0
397,0,30,0.0
396,0,30,0.0
395,0,30,0.0
417,0,30,0.0
418,0,30,0.0
419,0,30,0.0
420,0,30,0.0
439,0,30,0.0
438,0,30,0.0
437,0,30,0.0
436,0,30,0.0
435,0,30,0.0
434,0,30,0.0
433,0,30,0.0
432,0,30,0.0
431,0,30,0.0
430,0,30,0.0
429,0,30,0.0
428,0,30,0.0
426,0,30,0.0
425,0,30,0.0
423,0,30,0.0
422,0,30,0.0
421,0,30,0.0
490,0,30,0.0
491,0,30,0.0
492,0,30,0.0
552,0,30,0.0
560,0,30,0.0
559,0,30,0.0
558,0,30,0.0
557,0,30,0.0
556,0,30,0.0
555,0,30,0.0
554,0,30,0.0
553,0,30,0.0
551,0,30,0.0
539,0,30,0.0
550,0,30,0.0
549,0,30,0.0
548,0,30,0.0
547,0,30,0.0
546,0,30,0.0
543,0,30,0.0
542,0,30,0.0
541,0,30,0.0
562,0,30,0.0
564,0,30,0.0
565,0,30,0.0
566,0,30,0.0
585,0,30,0.0
583,0,30,0.0
582,0,30,0.0
581,0,30,0.0
580,0,30,0.0
579,0,30,0.0
577,0,30,0.0
576,0,30,0.0
575,0,30,0.0
574,0,30,0.0
573,0,30,0.0
572,0,30,0.0
571,0,30,0.0
570,0,30,0.0
569,0,30,0.0
568,0,30,0.0
567,0,30,0.0
540,0,30,0.0
538,0,30,0.0
493,0,30,0.0
505,0,30,0.0
513,0,30,0.0
512,0,30,0.0
511,0,30,0.0
510,0,30,0.0
509,0,30,0.0
508,0,30,0.0
507,0,30,0.0
506,0,30,0.0
504,0,30,0.0
537,0,30,0.0
503,0,30,0.0
501,0,30,0.0
500,0,30,0.0
499,0,30,0.0
498,0,30,0.0
496,0,30,0.0
495,0,30,0.0
494,0,30,0.0
514,0,30,0.0
515,0,30,0.0
516,0,30,0.0
517,0,30,0.0
536,0,30,0.0
535,0,30,0.0
534,0,30,0.0
532,0,30,0.0
531,0,30,0.0
530,0,30,0.0
529,0,30,0.0
528,0,30,0.0
527,0,30,0.0
526,0,30,0.0
525,0,30,0.0
524,0,30,0.0
523,0,30,0.0
522,0,30,0.0
520,0,30,0.0
519,0,30,0.0
518,0,30,0.0
1469,0,30,0.0
